device,model,workload,batch_size,tp,dtype,M,N,K,median_time_ms,std_time_ms,tflops,theory_tflops,mfu_pct,bandwidth_gbps,mbu_pct
NVIDIA RTX PRO 5000 72GB Blackwell,HY-image-3.0,QKV,1,1,mxfp8,1,6144,4096,0.0607,0.0171,0.8291,2.6863,30.87,414.8361,30.87
NVIDIA RTX PRO 5000 72GB Blackwell,HY-image-3.0,Proj,1,1,mxfp8,1,4096,4096,0.0546,0.0022,0.6150,2.6860,22.90,307.7255,22.90
NVIDIA RTX PRO 5000 72GB Blackwell,HY-image-3.0,Moe_gate_up,1,1,mxfp8,1,6144,4096,0.0602,0.0010,0.8364,2.6863,31.14,418.4759,31.14
NVIDIA RTX PRO 5000 72GB Blackwell,HY-image-3.0,Moe_down,1,1,mxfp8,1,4096,3072,0.0449,0.0007,0.5607,2.6856,20.88,280.6189,20.88
NVIDIA RTX PRO 5000 72GB Blackwell,HY-image-3.0,QKV,2,1,mxfp8,2,6144,4096,0.0606,0.0008,1.6618,5.3690,30.95,415.9831,30.95
NVIDIA RTX PRO 5000 72GB Blackwell,HY-image-3.0,Proj,2,1,mxfp8,2,4096,4096,0.0534,0.0004,1.2565,5.3681,23.41,314.5932,23.41
NVIDIA RTX PRO 5000 72GB Blackwell,HY-image-3.0,Moe_gate_up,2,1,mxfp8,1,6144,4096,0.0602,0.0018,0.8357,2.6863,31.11,418.1424,31.11
NVIDIA RTX PRO 5000 72GB Blackwell,HY-image-3.0,Moe_down,2,1,mxfp8,1,4096,3072,0.0446,0.0006,0.5638,2.6856,20.99,282.1276,20.99
NVIDIA RTX PRO 5000 72GB Blackwell,HY-image-3.0,QKV,3,1,mxfp8,3,6144,4096,0.0604,0.0009,2.4999,8.0483,31.06,417.4665,31.06
NVIDIA RTX PRO 5000 72GB Blackwell,HY-image-3.0,Proj,3,1,mxfp8,3,4096,4096,0.0538,0.0007,1.8713,8.0463,23.26,312.5758,23.26
NVIDIA RTX PRO 5000 72GB Blackwell,HY-image-3.0,Moe_gate_up,3,1,mxfp8,1,6144,4096,0.0602,0.0011,0.8357,2.6863,31.11,418.1424,31.11
NVIDIA RTX PRO 5000 72GB Blackwell,HY-image-3.0,Moe_down,3,1,mxfp8,1,4096,3072,0.0449,0.0009,0.5599,2.6856,20.85,280.2193,20.85
NVIDIA RTX PRO 5000 72GB Blackwell,HY-image-3.0,QKV,4,1,mxfp8,4,6144,4096,0.0607,0.0014,3.3157,10.7241,30.92,415.5362,30.92
NVIDIA RTX PRO 5000 72GB Blackwell,HY-image-3.0,Proj,4,1,mxfp8,4,4096,4096,0.0534,0.0008,2.5123,10.7206,23.43,314.9590,23.43
NVIDIA RTX PRO 5000 72GB Blackwell,HY-image-3.0,Moe_gate_up,4,1,mxfp8,1,6144,4096,0.0599,0.0009,0.8402,2.6863,31.28,420.3761,31.28
NVIDIA RTX PRO 5000 72GB Blackwell,HY-image-3.0,Moe_down,4,1,mxfp8,1,4096,3072,0.0438,0.0005,0.5745,2.6856,21.39,287.4858,21.39
NVIDIA RTX PRO 5000 72GB Blackwell,HY-image-3.0,QKV,8,1,mxfp8,8,6144,4096,0.0602,0.0009,6.6895,21.3926,31.27,420.2701,31.27
NVIDIA RTX PRO 5000 72GB Blackwell,HY-image-3.0,Proj,8,1,mxfp8,8,4096,4096,0.0536,0.0006,5.0096,21.3787,23.43,314.9358,23.43
NVIDIA RTX PRO 5000 72GB Blackwell,HY-image-3.0,Moe_gate_up,8,1,mxfp8,1,6144,4096,0.0600,0.0010,0.8389,2.6863,31.23,419.7035,31.23
NVIDIA RTX PRO 5000 72GB Blackwell,HY-image-3.0,Moe_down,8,1,mxfp8,1,4096,3072,0.0443,0.0007,0.5680,2.6856,21.15,284.2672,21.15
NVIDIA RTX PRO 5000 72GB Blackwell,HY-image-3.0,QKV,16,1,mxfp8,16,6144,4096,0.0606,0.0011,13.2871,42.5646,31.22,419.5480,31.22
NVIDIA RTX PRO 5000 72GB Blackwell,HY-image-3.0,Proj,16,1,mxfp8,16,4096,4096,0.0533,0.0007,10.0704,42.5098,23.69,318.3866,23.69
NVIDIA RTX PRO 5000 72GB Blackwell,HY-image-3.0,Moe_gate_up,16,1,mxfp8,2,6144,4096,0.0603,0.0010,1.6697,5.3690,31.10,417.9703,31.10
NVIDIA RTX PRO 5000 72GB Blackwell,HY-image-3.0,Moe_down,16,1,mxfp8,2,4096,3072,0.0441,0.0007,1.1422,5.3664,21.29,286.0712,21.29
NVIDIA RTX PRO 5000 72GB Blackwell,HY-image-3.0,QKV,32,1,mxfp8,32,6144,4096,0.0601,0.0012,26.7935,84.2606,31.80,427.3708,31.80
NVIDIA RTX PRO 5000 72GB Blackwell,HY-image-3.0,Proj,32,1,mxfp8,32,4096,4096,0.0531,0.0011,20.2135,84.0462,24.05,323.2386,24.05
NVIDIA RTX PRO 5000 72GB Blackwell,HY-image-3.0,Moe_gate_up,32,1,mxfp8,4,6144,4096,0.0598,0.0013,3.3653,10.7241,31.38,421.7598,31.38
NVIDIA RTX PRO 5000 72GB Blackwell,HY-image-3.0,Moe_down,32,1,mxfp8,4,4096,3072,0.0444,0.0009,2.2647,10.7136,21.14,284.1066,21.14
NVIDIA RTX PRO 5000 72GB Blackwell,HY-image-3.0,QKV,64,1,mxfp8,64,6144,4096,0.0596,0.0010,54.0329,165.1507,32.72,439.7209,32.72
NVIDIA RTX PRO 5000 72GB Blackwell,HY-image-3.0,Proj,64,1,mxfp8,64,4096,4096,0.0536,0.0010,40.0411,164.3291,24.37,327.4845,24.37
NVIDIA RTX PRO 5000 72GB Blackwell,HY-image-3.0,Moe_gate_up,64,1,mxfp8,8,6144,4096,0.0600,0.0010,6.7145,21.3926,31.39,421.8399,31.39
NVIDIA RTX PRO 5000 72GB Blackwell,HY-image-3.0,Moe_down,64,1,mxfp8,8,4096,3072,0.0444,0.0020,4.5377,21.3511,21.25,285.6343,21.25
NVIDIA RTX PRO 5000 72GB Blackwell,HY-image-3.0,QKV,128,1,mxfp8,128,6144,4096,0.0585,0.0011,110.1349,317.5975,34.68,466.0657,34.68
NVIDIA RTX PRO 5000 72GB Blackwell,HY-image-3.0,Proj,128,1,mxfp8,128,4096,4096,0.0547,0.0005,78.5129,314.5728,24.96,335.4431,24.96
NVIDIA RTX PRO 5000 72GB Blackwell,HY-image-3.0,Moe_gate_up,128,1,mxfp8,16,6144,4096,0.0605,0.0008,13.3153,42.5646,31.28,420.4360,31.28
NVIDIA RTX PRO 5000 72GB Blackwell,HY-image-3.0,Moe_down,128,1,mxfp8,16,4096,3072,0.0444,0.0019,9.0622,42.4007,21.37,287.2510,21.37
NVIDIA RTX PRO 5000 72GB Blackwell,HY-image-3.0,QKV,256,1,mxfp8,256,6144,4096,0.0590,0.0010,218.5363,500.0000,43.71,497.9669,37.05
NVIDIA RTX PRO 5000 72GB Blackwell,HY-image-3.0,Proj,256,1,mxfp8,256,4096,4096,0.0577,0.0021,148.9240,500.0000,29.78,345.4047,25.70
NVIDIA RTX PRO 5000 72GB Blackwell,HY-image-3.0,Moe_gate_up,256,1,mxfp8,32,6144,4096,0.0605,0.0012,26.6024,84.2606,31.57,424.3214,31.57
NVIDIA RTX PRO 5000 72GB Blackwell,HY-image-3.0,Moe_down,256,1,mxfp8,32,4096,3072,0.0443,0.0008,18.1965,83.6206,21.76,292.4656,21.76
NVIDIA RTX PRO 5000 72GB Blackwell,HY-image-3.0,QKV,1024,1,mxfp8,1024,6144,4096,0.1465,0.0006,351.8927,500.0000,70.38,286.3710,21.31
NVIDIA RTX PRO 5000 72GB Blackwell,HY-image-3.0,Proj,1024,1,mxfp8,1024,4096,4096,0.1138,0.0010,302.0371,500.0000,60.41,258.0883,19.20
NVIDIA RTX PRO 5000 72GB Blackwell,HY-image-3.0,Moe_gate_up,1024,1,mxfp8,128,6144,4096,0.0594,0.0009,108.5319,317.5975,34.17,459.2819,34.17
NVIDIA RTX PRO 5000 72GB Blackwell,HY-image-3.0,Moe_down,1024,1,mxfp8,128,4096,3072,0.0455,0.0017,70.8148,308.6929,22.94,308.3166,22.94
NVIDIA RTX PRO 5000 72GB Blackwell,HY-image-3.0,QKV,4096,1,mxfp8,4096,6144,4096,0.4686,0.0027,439.9379,500.0000,87.99,196.9123,14.65
NVIDIA RTX PRO 5000 72GB Blackwell,HY-image-3.0,Proj,4096,1,mxfp8,4096,4096,4096,0.3327,0.0009,413.1365,500.0000,82.63,201.7268,15.01
NVIDIA RTX PRO 5000 72GB Blackwell,HY-image-3.0,Moe_gate_up,4096,1,mxfp8,512,6144,4096,0.0904,0.0009,285.0642,500.0000,57.01,371.1773,27.62
NVIDIA RTX PRO 5000 72GB Blackwell,HY-image-3.0,Moe_down,4096,1,mxfp8,512,4096,3072,0.0689,0.0005,187.0630,500.0000,37.41,266.4065,19.82
NVIDIA RTX PRO 5000 72GB Blackwell,HY-image-3.0,QKV,4099,1,mxfp8,4099,6144,4096,0.4864,0.0013,424.1978,500.0000,84.84,189.8293,14.12
NVIDIA RTX PRO 5000 72GB Blackwell,HY-image-3.0,Proj,4099,1,mxfp8,4099,4096,4096,0.3390,0.0010,405.6737,500.0000,81.13,198.0466,14.74
NVIDIA RTX PRO 5000 72GB Blackwell,HY-image-3.0,Moe_gate_up,4099,1,mxfp8,512,6144,4096,0.0898,0.0005,286.9944,500.0000,57.40,373.6907,27.80
NVIDIA RTX PRO 5000 72GB Blackwell,HY-image-3.0,Moe_down,4099,1,mxfp8,512,4096,3072,0.0691,0.0006,186.4135,500.0000,37.28,265.4815,19.75
NVIDIA RTX PRO 5000 72GB Blackwell,HY-image-3.0,QKV,5000,1,mxfp8,5000,6144,4096,0.5796,0.0017,434.1930,500.0000,86.84,184.7581,13.75
NVIDIA RTX PRO 5000 72GB Blackwell,HY-image-3.0,Proj,5000,1,mxfp8,5000,4096,4096,0.4000,0.0011,419.4136,500.0000,83.88,195.5352,14.55
NVIDIA RTX PRO 5000 72GB Blackwell,HY-image-3.0,Moe_gate_up,5000,1,mxfp8,625,6144,4096,0.1163,0.0005,270.4374,500.0000,54.09,304.3829,22.65
NVIDIA RTX PRO 5000 72GB Blackwell,HY-image-3.0,Moe_down,5000,1,mxfp8,625,4096,3072,0.0689,0.0008,228.2954,500.0000,45.66,284.8193,21.19
NVIDIA RTX PRO 5000 72GB Blackwell,HY-image-3.0,QKV,8192,1,mxfp8,8192,6144,4096,0.9098,0.0037,453.1831,500.0000,90.64,175.1806,13.03
NVIDIA RTX PRO 5000 72GB Blackwell,HY-image-3.0,Proj,8192,1,mxfp8,8192,4096,4096,0.6204,0.0022,443.0428,500.0000,88.61,189.2883,14.08
NVIDIA RTX PRO 5000 72GB Blackwell,HY-image-3.0,Moe_gate_up,8192,1,mxfp8,1024,6144,4096,0.1466,0.0011,351.6238,500.0000,70.32,286.1522,21.29
NVIDIA RTX PRO 5000 72GB Blackwell,HY-image-3.0,Moe_down,8192,1,mxfp8,1024,4096,3072,0.0909,0.0010,283.4588,500.0000,56.69,265.2812,19.74
NVIDIA RTX PRO 5000 72GB Blackwell,HY-image-3.0,QKV,1,1,nvfp4,1,6144,4096,0.0377,0.0019,1.3352,5.3699,24.86,334.1800,24.86
NVIDIA RTX PRO 5000 72GB Blackwell,HY-image-3.0,Proj,1,1,nvfp4,1,4096,4096,0.0355,0.0012,0.9455,5.3694,17.61,236.6673,17.61
NVIDIA RTX PRO 5000 72GB Blackwell,HY-image-3.0,Moe_gate_up,1,1,nvfp4,1,6144,4096,0.0367,0.0014,1.3731,5.3699,25.57,343.6613,25.57
NVIDIA RTX PRO 5000 72GB Blackwell,HY-image-3.0,Moe_down,1,1,nvfp4,1,4096,3072,0.0301,0.0012,0.8366,5.3677,15.59,209.4809,15.59
NVIDIA RTX PRO 5000 72GB Blackwell,HY-image-3.0,QKV,2,1,nvfp4,2,6144,4096,0.0372,0.0010,2.7060,10.7276,25.22,339.0211,25.22
NVIDIA RTX PRO 5000 72GB Blackwell,HY-image-3.0,Proj,2,1,nvfp4,2,4096,4096,0.0357,0.0006,1.8792,10.7258,17.52,235.4695,17.52
NVIDIA RTX PRO 5000 72GB Blackwell,HY-image-3.0,Moe_gate_up,2,1,nvfp4,1,6144,4096,0.0368,0.0017,1.3683,5.3699,25.48,342.4654,25.48
NVIDIA RTX PRO 5000 72GB Blackwell,HY-image-3.0,Moe_down,2,1,nvfp4,1,4096,3072,0.0303,0.0007,0.8296,5.3677,15.45,207.7131,15.45
NVIDIA RTX PRO 5000 72GB Blackwell,HY-image-3.0,QKV,3,1,nvfp4,3,6144,4096,0.0371,0.0004,4.0713,16.0731,25.33,340.4314,25.33
NVIDIA RTX PRO 5000 72GB Blackwell,HY-image-3.0,Proj,3,1,nvfp4,3,4096,4096,0.0349,0.0009,2.8807,16.0692,17.93,240.9377,17.93
NVIDIA RTX PRO 5000 72GB Blackwell,HY-image-3.0,Moe_gate_up,3,1,nvfp4,1,6144,4096,0.0376,0.0009,1.3380,5.3699,24.92,334.8907,24.92
NVIDIA RTX PRO 5000 72GB Blackwell,HY-image-3.0,Moe_down,3,1,nvfp4,1,4096,3072,0.0299,0.0009,0.8429,5.3677,15.70,211.0525,15.70
NVIDIA RTX PRO 5000 72GB Blackwell,HY-image-3.0,QKV,4,1,nvfp4,4,6144,4096,0.0373,0.0010,5.4027,21.4064,25.24,339.2082,25.24
NVIDIA RTX PRO 5000 72GB Blackwell,HY-image-3.0,Proj,4,1,nvfp4,4,4096,4096,0.0357,0.0009,3.7600,21.3995,17.57,236.1488,17.57
NVIDIA RTX PRO 5000 72GB Blackwell,HY-image-3.0,Moe_gate_up,4,1,nvfp4,1,6144,4096,0.0366,0.0013,1.3755,5.3699,25.61,344.2624,25.61
NVIDIA RTX PRO 5000 72GB Blackwell,HY-image-3.0,Moe_down,4,1,nvfp4,1,4096,3072,0.0302,0.0005,0.8322,5.3677,15.50,208.3725,15.50
NVIDIA RTX PRO 5000 72GB Blackwell,HY-image-3.0,QKV,8,1,nvfp4,8,6144,4096,0.0366,0.0011,11.0039,42.6195,25.82,347.0048,25.82
NVIDIA RTX PRO 5000 72GB Blackwell,HY-image-3.0,Proj,8,1,nvfp4,8,4096,4096,0.0351,0.0019,7.6538,42.5921,17.97,241.5183,17.97
NVIDIA RTX PRO 5000 72GB Blackwell,HY-image-3.0,Moe_gate_up,8,1,nvfp4,1,6144,4096,0.0380,0.0012,1.3251,5.3699,24.68,331.6462,24.68
NVIDIA RTX PRO 5000 72GB Blackwell,HY-image-3.0,Moe_down,8,1,nvfp4,1,4096,3072,0.0303,0.0007,0.8313,5.3677,15.49,208.1522,15.49
NVIDIA RTX PRO 5000 72GB Blackwell,HY-image-3.0,QKV,16,1,nvfp4,16,6144,4096,0.0369,0.0004,21.8169,84.4761,25.83,347.1036,25.83
NVIDIA RTX PRO 5000 72GB Blackwell,HY-image-3.0,Proj,16,1,nvfp4,16,4096,4096,0.0357,0.0008,15.0536,84.3682,17.84,239.8062,17.84
NVIDIA RTX PRO 5000 72GB Blackwell,HY-image-3.0,Moe_gate_up,16,1,nvfp4,2,6144,4096,0.0373,0.0006,2.6967,10.7276,25.14,337.8585,25.14
NVIDIA RTX PRO 5000 72GB Blackwell,HY-image-3.0,Moe_down,16,1,nvfp4,2,4096,3072,0.0307,0.0006,1.6401,10.7189,15.30,205.6476,15.30
NVIDIA RTX PRO 5000 72GB Blackwell,HY-image-3.0,QKV,32,1,nvfp4,32,6144,4096,0.0369,0.0006,43.6717,165.9806,26.31,353.6243,26.31
NVIDIA RTX PRO 5000 72GB Blackwell,HY-image-3.0,Proj,32,1,nvfp4,32,4096,4096,0.0357,0.0006,30.0937,165.5646,18.18,244.2906,18.18
NVIDIA RTX PRO 5000 72GB Blackwell,HY-image-3.0,Moe_gate_up,32,1,nvfp4,4,6144,4096,0.0370,0.0006,5.4471,21.4064,25.45,341.9983,25.45
NVIDIA RTX PRO 5000 72GB Blackwell,HY-image-3.0,Moe_down,32,1,nvfp4,4,4096,3072,0.0298,0.0010,3.3771,21.3718,15.80,212.3714,15.80
NVIDIA RTX PRO 5000 72GB Blackwell,HY-image-3.0,QKV,64,1,nvfp4,64,6144,4096,0.0369,0.0014,87.3434,320.6810,27.24,366.0633,27.24
NVIDIA RTX PRO 5000 72GB Blackwell,HY-image-3.0,Proj,64,1,nvfp4,64,4096,4096,0.0355,0.0007,60.5130,319.1318,18.96,254.8458,18.96
NVIDIA RTX PRO 5000 72GB Blackwell,HY-image-3.0,Moe_gate_up,64,1,nvfp4,8,6144,4096,0.0377,0.0010,10.6725,42.6195,25.04,336.5564,25.04
NVIDIA RTX PRO 5000 72GB Blackwell,HY-image-3.0,Moe_down,64,1,nvfp4,8,4096,3072,0.0302,0.0015,6.6576,42.4825,15.67,210.6243,15.67
NVIDIA RTX PRO 5000 72GB Blackwell,HY-image-3.0,QKV,128,1,nvfp4,128,6144,4096,0.0380,0.0011,169.6811,600.5481,28.25,379.7387,28.25
NVIDIA RTX PRO 5000 72GB Blackwell,HY-image-3.0,Proj,128,1,nvfp4,128,4096,4096,0.0368,0.0010,116.8126,595.1377,19.63,263.7981,19.63
NVIDIA RTX PRO 5000 72GB Blackwell,HY-image-3.0,Moe_gate_up,128,1,nvfp4,16,6144,4096,0.0367,0.0007,21.9214,84.4761,25.95,348.7665,25.95
NVIDIA RTX PRO 5000 72GB Blackwell,HY-image-3.0,Moe_down,128,1,nvfp4,16,4096,3072,0.0304,0.0016,13.2452,83.9394,15.78,212.0758,15.78
NVIDIA RTX PRO 5000 72GB Blackwell,HY-image-3.0,QKV,256,1,nvfp4,256,6144,4096,0.0378,0.0008,340.7983,1000.0000,34.08,429.8807,31.99
NVIDIA RTX PRO 5000 72GB Blackwell,HY-image-3.0,Proj,256,1,nvfp4,256,4096,4096,0.0371,0.0006,231.3102,1000.0000,23.13,296.4791,22.06
NVIDIA RTX PRO 5000 72GB Blackwell,HY-image-3.0,Moe_gate_up,256,1,nvfp4,32,6144,4096,0.0368,0.0013,43.7667,165.9806,26.37,354.3931,26.37
NVIDIA RTX PRO 5000 72GB Blackwell,HY-image-3.0,Moe_down,256,1,nvfp4,32,4096,3072,0.0309,0.0036,26.0516,163.9213,15.89,213.5983,15.89
NVIDIA RTX PRO 5000 72GB Blackwell,HY-image-3.0,QKV,1024,1,nvfp4,1024,6144,4096,0.0835,0.0011,617.0930,1000.0000,61.71,326.4245,24.29
NVIDIA RTX PRO 5000 72GB Blackwell,HY-image-3.0,Proj,1024,1,nvfp4,1024,4096,4096,0.0673,0.0006,510.6977,1000.0000,51.07,280.5346,20.87
NVIDIA RTX PRO 5000 72GB Blackwell,HY-image-3.0,Moe_gate_up,1024,1,nvfp4,128,6144,4096,0.0380,0.0008,169.6811,600.5481,28.25,379.7387,28.25
NVIDIA RTX PRO 5000 72GB Blackwell,HY-image-3.0,Moe_down,1024,1,nvfp4,128,4096,3072,0.0313,0.0007,103.0331,574.4373,17.94,241.0645,17.94
NVIDIA RTX PRO 5000 72GB Blackwell,HY-image-3.0,QKV,4096,1,nvfp4,4096,6144,4096,0.2491,0.0013,827.4935,1000.0000,82.75,286.2018,21.29
NVIDIA RTX PRO 5000 72GB Blackwell,HY-image-3.0,Proj,4096,1,nvfp4,4096,4096,4096,0.1792,0.0011,767.0954,1000.0000,76.71,280.9187,20.90
NVIDIA RTX PRO 5000 72GB Blackwell,HY-image-3.0,Moe_gate_up,4096,1,nvfp4,512,6144,4096,0.0546,0.0008,472.3204,1000.0000,47.23,365.1566,27.17
NVIDIA RTX PRO 5000 72GB Blackwell,HY-image-3.0,Moe_down,4096,1,nvfp4,512,4096,3072,0.0422,0.0013,305.0403,1000.0000,30.50,266.8606,19.86
NVIDIA RTX PRO 5000 72GB Blackwell,HY-image-3.0,QKV,4099,1,nvfp4,4099,6144,4096,0.2563,0.0009,804.8901,1000.0000,80.49,278.3481,20.71
NVIDIA RTX PRO 5000 72GB Blackwell,HY-image-3.0,Proj,4099,1,nvfp4,4099,4096,4096,0.1799,0.0017,764.5167,1000.0000,76.45,279.9402,20.83
NVIDIA RTX PRO 5000 72GB Blackwell,HY-image-3.0,Moe_gate_up,4099,1,nvfp4,512,6144,4096,0.0544,0.0009,473.8490,1000.0000,47.38,366.3383,27.26
NVIDIA RTX PRO 5000 72GB Blackwell,HY-image-3.0,Moe_down,4099,1,nvfp4,512,4096,3072,0.0426,0.0006,302.7468,1000.0000,30.27,264.8541,19.71
NVIDIA RTX PRO 5000 72GB Blackwell,HY-image-3.0,QKV,5000,1,nvfp4,5000,6144,4096,0.3049,0.0013,825.3904,1000.0000,82.54,276.3661,20.56
NVIDIA RTX PRO 5000 72GB Blackwell,HY-image-3.0,Proj,5000,1,nvfp4,5000,4096,4096,0.2119,0.0008,791.7964,1000.0000,79.18,281.2269,20.92
NVIDIA RTX PRO 5000 72GB Blackwell,HY-image-3.0,Moe_gate_up,5000,1,nvfp4,625,6144,4096,0.0690,0.0013,456.1671,1000.0000,45.62,312.3972,23.24
NVIDIA RTX PRO 5000 72GB Blackwell,HY-image-3.0,Moe_down,5000,1,nvfp4,625,4096,3072,0.0425,0.0011,369.8420,1000.0000,36.98,290.9014,21.64
NVIDIA RTX PRO 5000 72GB Blackwell,HY-image-3.0,QKV,8192,1,nvfp4,8192,6144,4096,0.4690,0.0011,879.1554,1000.0000,87.92,277.2402,20.63
NVIDIA RTX PRO 5000 72GB Blackwell,HY-image-3.0,Proj,8192,1,nvfp4,8192,4096,4096,0.3224,0.0012,852.7259,1000.0000,85.27,286.2544,21.30
NVIDIA RTX PRO 5000 72GB Blackwell,HY-image-3.0,Moe_gate_up,8192,1,nvfp4,1024,6144,4096,0.0831,0.0004,620.5405,1000.0000,62.05,328.2481,24.42
NVIDIA RTX PRO 5000 72GB Blackwell,HY-image-3.0,Moe_down,8192,1,nvfp4,1024,4096,3072,0.0546,0.0012,472.3205,1000.0000,47.23,297.8909,22.16
