device,operation,data_size_bytes,data_size_human,world_size,dtype,median_time_ms,std_time_ms,bus_bandwidth_gbps,algo_bandwidth_gbps
NVIDIA RTX PRO 5000 72GB Blackwell,allreduce,4096,4KB,2,bfloat16,0.0234,0.0065,0.1750,0.1750
NVIDIA RTX PRO 5000 72GB Blackwell,allreduce,8192,8KB,2,bfloat16,0.0234,0.0011,0.3502,0.3502
NVIDIA RTX PRO 5000 72GB Blackwell,allreduce,16384,16KB,2,bfloat16,0.0237,0.0012,0.6919,0.6919
NVIDIA RTX PRO 5000 72GB Blackwell,allreduce,32768,32KB,2,bfloat16,0.0246,0.0008,1.3316,1.3316
NVIDIA RTX PRO 5000 72GB Blackwell,allreduce,65536,64KB,2,bfloat16,0.0256,0.0008,2.5616,2.5616
NVIDIA RTX PRO 5000 72GB Blackwell,allreduce,131072,128KB,2,bfloat16,0.0272,0.1238,4.8160,4.8160
NVIDIA RTX PRO 5000 72GB Blackwell,allreduce,262144,256KB,2,bfloat16,0.0309,0.0008,8.4935,8.4935
NVIDIA RTX PRO 5000 72GB Blackwell,allreduce,524288,512KB,2,bfloat16,0.0375,0.0007,13.9676,13.9676
NVIDIA RTX PRO 5000 72GB Blackwell,allreduce,1048576,1.0MB,2,bfloat16,0.0483,0.1791,21.7294,21.7294
NVIDIA RTX PRO 5000 72GB Blackwell,allreduce,2097152,2.0MB,2,bfloat16,0.0702,0.0012,29.8569,29.8569
NVIDIA RTX PRO 5000 72GB Blackwell,allreduce,4194304,4.0MB,2,bfloat16,0.1200,0.0008,34.9432,34.9432
NVIDIA RTX PRO 5000 72GB Blackwell,allreduce,8388608,8.0MB,2,bfloat16,0.2191,0.0010,38.2888,38.2888
NVIDIA RTX PRO 5000 72GB Blackwell,allreduce,16777216,16.0MB,2,bfloat16,0.4212,0.0066,39.8335,39.8335
NVIDIA RTX PRO 5000 72GB Blackwell,allreduce,33554432,32.0MB,2,bfloat16,0.8229,0.0083,40.7776,40.7776
NVIDIA RTX PRO 5000 72GB Blackwell,allreduce,67108864,64.0MB,2,bfloat16,1.6161,0.0094,41.5261,41.5261
NVIDIA RTX PRO 5000 72GB Blackwell,allreduce,134217728,128.0MB,2,bfloat16,3.5029,0.0376,38.3157,38.3157
NVIDIA RTX PRO 5000 72GB Blackwell,allreduce,268435456,256.0MB,2,bfloat16,6.9343,0.0742,38.7114,38.7114
NVIDIA RTX PRO 5000 72GB Blackwell,allreduce,536870912,512.0MB,2,bfloat16,13.5096,0.1574,39.7400,39.7400
NVIDIA RTX PRO 5000 72GB Blackwell,allgather,4096,4KB,2,bfloat16,0.0374,0.0397,0.0548,0.1096
NVIDIA RTX PRO 5000 72GB Blackwell,allgather,8192,8KB,2,bfloat16,0.0362,0.0021,0.1131,0.2261
NVIDIA RTX PRO 5000 72GB Blackwell,allgather,16384,16KB,2,bfloat16,0.0360,0.0018,0.2276,0.4551
NVIDIA RTX PRO 5000 72GB Blackwell,allgather,32768,32KB,2,bfloat16,0.0362,0.0013,0.4531,0.9062
NVIDIA RTX PRO 5000 72GB Blackwell,allgather,65536,64KB,2,bfloat16,0.0356,0.0020,0.9192,1.8384
NVIDIA RTX PRO 5000 72GB Blackwell,allgather,131072,128KB,2,bfloat16,0.0358,0.0015,1.8286,3.6571
NVIDIA RTX PRO 5000 72GB Blackwell,allgather,262144,256KB,2,bfloat16,0.0354,0.0015,3.7034,7.4069
NVIDIA RTX PRO 5000 72GB Blackwell,allgather,524288,512KB,2,bfloat16,0.0378,0.0012,6.9365,13.8730
NVIDIA RTX PRO 5000 72GB Blackwell,allgather,1048576,1.0MB,2,bfloat16,0.0435,0.0013,12.0604,24.1207
NVIDIA RTX PRO 5000 72GB Blackwell,allgather,2097152,2.0MB,2,bfloat16,0.0568,0.0010,18.4608,36.9217
NVIDIA RTX PRO 5000 72GB Blackwell,allgather,4194304,4.0MB,2,bfloat16,0.0870,0.0010,24.1118,48.2237
NVIDIA RTX PRO 5000 72GB Blackwell,allgather,8388608,8.0MB,2,bfloat16,0.1488,0.0008,28.1936,56.3872
NVIDIA RTX PRO 5000 72GB Blackwell,allgather,16777216,16.0MB,2,bfloat16,0.2692,0.0015,31.1557,62.3114
NVIDIA RTX PRO 5000 72GB Blackwell,allgather,33554432,32.0MB,2,bfloat16,0.5117,0.0009,32.7885,65.5770
NVIDIA RTX PRO 5000 72GB Blackwell,allgather,67108864,64.0MB,2,bfloat16,1.0796,0.0316,31.0804,62.1609
NVIDIA RTX PRO 5000 72GB Blackwell,allgather,134217728,128.0MB,2,bfloat16,2.2417,0.0258,29.9362,59.8724
NVIDIA RTX PRO 5000 72GB Blackwell,allgather,268435456,256.0MB,2,bfloat16,4.4162,0.0325,30.3921,60.7842
NVIDIA RTX PRO 5000 72GB Blackwell,allgather,536870912,512.0MB,2,bfloat16,8.8599,0.0781,30.2977,60.5955
NVIDIA RTX PRO 5000 72GB Blackwell,all2all,4096,4KB,2,bfloat16,0.0319,0.0042,0.0642,0.1284
NVIDIA RTX PRO 5000 72GB Blackwell,all2all,8192,8KB,2,bfloat16,0.0314,0.0018,0.1305,0.2610
NVIDIA RTX PRO 5000 72GB Blackwell,all2all,16384,16KB,2,bfloat16,0.0312,0.0015,0.2622,0.5243
NVIDIA RTX PRO 5000 72GB Blackwell,all2all,32768,32KB,2,bfloat16,0.0309,0.0016,0.5297,1.0595
NVIDIA RTX PRO 5000 72GB Blackwell,all2all,65536,64KB,2,bfloat16,0.0309,0.0022,1.0611,2.1223
NVIDIA RTX PRO 5000 72GB Blackwell,all2all,131072,128KB,2,bfloat16,0.0315,0.0016,2.0834,4.1668
NVIDIA RTX PRO 5000 72GB Blackwell,all2all,262144,256KB,2,bfloat16,0.0348,0.0015,3.7716,7.5433
NVIDIA RTX PRO 5000 72GB Blackwell,all2all,524288,512KB,2,bfloat16,0.0398,0.0009,6.5905,13.1810
NVIDIA RTX PRO 5000 72GB Blackwell,all2all,1048576,1.0MB,2,bfloat16,0.0514,0.1894,10.2081,20.4162
NVIDIA RTX PRO 5000 72GB Blackwell,all2all,2097152,2.0MB,2,bfloat16,0.0741,0.0014,14.1485,28.2971
NVIDIA RTX PRO 5000 72GB Blackwell,all2all,4194304,4.0MB,2,bfloat16,0.1220,0.2364,17.1853,34.3705
NVIDIA RTX PRO 5000 72GB Blackwell,all2all,8388608,8.0MB,2,bfloat16,0.2164,0.0025,19.3850,38.7701
NVIDIA RTX PRO 5000 72GB Blackwell,all2all,16777216,16.0MB,2,bfloat16,0.2702,0.0021,31.0432,62.0863
NVIDIA RTX PRO 5000 72GB Blackwell,all2all,33554432,32.0MB,2,bfloat16,0.5089,0.0030,32.9668,65.9337
NVIDIA RTX PRO 5000 72GB Blackwell,all2all,67108864,64.0MB,2,bfloat16,1.3592,0.0042,24.6872,49.3744
NVIDIA RTX PRO 5000 72GB Blackwell,all2all,134217728,128.0MB,2,bfloat16,2.6744,0.0242,25.0929,50.1858
NVIDIA RTX PRO 5000 72GB Blackwell,all2all,268435456,256.0MB,2,bfloat16,5.3128,0.0085,25.2629,50.5257
NVIDIA RTX PRO 5000 72GB Blackwell,all2all,536870912,512.0MB,2,bfloat16,10.5760,0.0168,25.3816,50.7631
NVIDIA RTX PRO 5000 72GB Blackwell,all2allv,4096,4KB,2,bfloat16,0.1280,0.0088,0.0160,0.0320
NVIDIA RTX PRO 5000 72GB Blackwell,all2allv,8192,8KB,2,bfloat16,0.1249,0.0037,0.0328,0.0656
NVIDIA RTX PRO 5000 72GB Blackwell,all2allv,16384,16KB,2,bfloat16,0.1247,0.0043,0.0657,0.1314
NVIDIA RTX PRO 5000 72GB Blackwell,all2allv,32768,32KB,2,bfloat16,0.1231,0.0039,0.1331,0.2661
NVIDIA RTX PRO 5000 72GB Blackwell,all2allv,65536,64KB,2,bfloat16,0.1243,0.0058,0.2637,0.5274
NVIDIA RTX PRO 5000 72GB Blackwell,all2allv,131072,128KB,2,bfloat16,0.1242,0.0034,0.5277,1.0554
NVIDIA RTX PRO 5000 72GB Blackwell,all2allv,262144,256KB,2,bfloat16,0.1303,0.0029,1.0056,2.0113
NVIDIA RTX PRO 5000 72GB Blackwell,all2allv,524288,512KB,2,bfloat16,0.1409,0.0028,1.8601,3.7203
NVIDIA RTX PRO 5000 72GB Blackwell,all2allv,1048576,1.0MB,2,bfloat16,0.1674,0.0036,3.1318,6.2636
NVIDIA RTX PRO 5000 72GB Blackwell,all2allv,2097152,2.0MB,2,bfloat16,0.2242,0.0192,4.6771,9.3543
NVIDIA RTX PRO 5000 72GB Blackwell,all2allv,4194304,4.0MB,2,bfloat16,0.3314,0.0028,6.3286,12.6572
NVIDIA RTX PRO 5000 72GB Blackwell,all2allv,8388608,8.0MB,2,bfloat16,0.3556,0.2251,11.7939,23.5879
NVIDIA RTX PRO 5000 72GB Blackwell,all2allv,16777216,16.0MB,2,bfloat16,0.6793,0.0043,12.3496,24.6991
NVIDIA RTX PRO 5000 72GB Blackwell,all2allv,33554432,32.0MB,2,bfloat16,1.2404,0.0054,13.5258,27.0516
NVIDIA RTX PRO 5000 72GB Blackwell,all2allv,67108864,64.0MB,2,bfloat16,2.5439,0.0124,13.1904,26.3808
NVIDIA RTX PRO 5000 72GB Blackwell,all2allv,134217728,128.0MB,2,bfloat16,6.1765,0.0112,10.8652,21.7304
NVIDIA RTX PRO 5000 72GB Blackwell,all2allv,268435456,256.0MB,2,bfloat16,12.1794,0.0168,11.0201,22.0402
NVIDIA RTX PRO 5000 72GB Blackwell,all2allv,536870912,512.0MB,2,bfloat16,24.1840,0.0205,11.0997,22.1994
NVIDIA RTX PRO 5000 72GB Blackwell,allreduce,4096,4KB,4,bfloat16,0.0473,0.0073,0.1299,0.0866
NVIDIA RTX PRO 5000 72GB Blackwell,allreduce,8192,8KB,4,bfloat16,0.0471,0.0035,0.2608,0.1739
NVIDIA RTX PRO 5000 72GB Blackwell,allreduce,16384,16KB,4,bfloat16,0.0504,0.0011,0.4873,0.3249
NVIDIA RTX PRO 5000 72GB Blackwell,allreduce,32768,32KB,4,bfloat16,0.0514,0.0012,0.9570,0.6380
NVIDIA RTX PRO 5000 72GB Blackwell,allreduce,65536,64KB,4,bfloat16,0.0516,0.0016,1.9069,1.2713
NVIDIA RTX PRO 5000 72GB Blackwell,allreduce,131072,128KB,4,bfloat16,0.0530,0.0013,3.7101,2.4734
NVIDIA RTX PRO 5000 72GB Blackwell,allreduce,262144,256KB,4,bfloat16,0.0663,0.0016,5.9319,3.9546
NVIDIA RTX PRO 5000 72GB Blackwell,allreduce,524288,512KB,4,bfloat16,0.0947,0.0011,8.3041,5.5361
NVIDIA RTX PRO 5000 72GB Blackwell,allreduce,1048576,1.0MB,4,bfloat16,0.1212,0.0113,12.9774,8.6516
NVIDIA RTX PRO 5000 72GB Blackwell,allreduce,2097152,2.0MB,4,bfloat16,0.1926,0.0020,16.3336,10.8891
NVIDIA RTX PRO 5000 72GB Blackwell,allreduce,4194304,4.0MB,4,bfloat16,0.3145,0.0013,20.0018,13.3346
NVIDIA RTX PRO 5000 72GB Blackwell,allreduce,8388608,8.0MB,4,bfloat16,0.5791,0.0023,21.7294,14.4863
NVIDIA RTX PRO 5000 72GB Blackwell,allreduce,16777216,16.0MB,4,bfloat16,1.0904,0.0790,23.0798,15.3865
NVIDIA RTX PRO 5000 72GB Blackwell,allreduce,33554432,32.0MB,4,bfloat16,2.1608,0.0047,23.2932,15.5288
NVIDIA RTX PRO 5000 72GB Blackwell,allreduce,67108864,64.0MB,4,bfloat16,4.2965,0.0097,23.4292,15.6195
NVIDIA RTX PRO 5000 72GB Blackwell,allreduce,134217728,128.0MB,4,bfloat16,8.5814,0.0149,23.4609,15.6406
NVIDIA RTX PRO 5000 72GB Blackwell,allreduce,268435456,256.0MB,4,bfloat16,17.2167,0.0477,23.3874,15.5916
NVIDIA RTX PRO 5000 72GB Blackwell,allreduce,536870912,512.0MB,4,bfloat16,34.3939,0.0242,23.4143,15.6095
NVIDIA RTX PRO 5000 72GB Blackwell,allgather,4096,4KB,4,bfloat16,0.0508,0.0032,0.0604,0.0806
NVIDIA RTX PRO 5000 72GB Blackwell,allgather,8192,8KB,4,bfloat16,0.0504,0.0015,0.1218,0.1624
NVIDIA RTX PRO 5000 72GB Blackwell,allgather,16384,16KB,4,bfloat16,0.0510,0.0016,0.2411,0.3215
NVIDIA RTX PRO 5000 72GB Blackwell,allgather,32768,32KB,4,bfloat16,0.0522,0.0823,0.4710,0.6280
NVIDIA RTX PRO 5000 72GB Blackwell,allgather,65536,64KB,4,bfloat16,0.0522,0.0012,0.9418,1.2557
NVIDIA RTX PRO 5000 72GB Blackwell,allgather,131072,128KB,4,bfloat16,0.0537,0.0015,1.8302,2.4403
NVIDIA RTX PRO 5000 72GB Blackwell,allgather,262144,256KB,4,bfloat16,0.0594,0.0012,3.3121,4.4162
NVIDIA RTX PRO 5000 72GB Blackwell,allgather,524288,512KB,4,bfloat16,0.0704,0.0012,5.5842,7.4456
NVIDIA RTX PRO 5000 72GB Blackwell,allgather,1048576,1.0MB,4,bfloat16,0.0824,0.0027,9.5385,12.7180
NVIDIA RTX PRO 5000 72GB Blackwell,allgather,2097152,2.0MB,4,bfloat16,0.1112,0.0015,14.1465,18.8620
NVIDIA RTX PRO 5000 72GB Blackwell,allgather,4194304,4.0MB,4,bfloat16,0.1638,0.0075,19.2075,25.6100
NVIDIA RTX PRO 5000 72GB Blackwell,allgather,8388608,8.0MB,4,bfloat16,0.2756,0.0012,22.8322,30.4429
NVIDIA RTX PRO 5000 72GB Blackwell,allgather,16777216,16.0MB,4,bfloat16,0.5020,0.0020,25.0640,33.4186
NVIDIA RTX PRO 5000 72GB Blackwell,allgather,33554432,32.0MB,4,bfloat16,0.9661,0.0051,26.0490,34.7320
NVIDIA RTX PRO 5000 72GB Blackwell,allgather,67108864,64.0MB,4,bfloat16,1.9264,0.1720,26.1280,34.8373
NVIDIA RTX PRO 5000 72GB Blackwell,allgather,134217728,128.0MB,4,bfloat16,3.9085,0.0084,25.7549,34.3399
NVIDIA RTX PRO 5000 72GB Blackwell,allgather,268435456,256.0MB,4,bfloat16,7.8332,0.0133,25.7017,34.2689
NVIDIA RTX PRO 5000 72GB Blackwell,allgather,536870912,512.0MB,4,bfloat16,15.6703,0.0168,25.6953,34.2604
NVIDIA RTX PRO 5000 72GB Blackwell,all2all,4096,4KB,4,bfloat16,0.0384,0.0035,0.0801,0.1068
NVIDIA RTX PRO 5000 72GB Blackwell,all2all,8192,8KB,4,bfloat16,0.0374,0.0021,0.1644,0.2192
NVIDIA RTX PRO 5000 72GB Blackwell,all2all,16384,16KB,4,bfloat16,0.0391,0.0024,0.3146,0.4195
NVIDIA RTX PRO 5000 72GB Blackwell,all2all,32768,32KB,4,bfloat16,0.0426,0.0013,0.5770,0.7693
NVIDIA RTX PRO 5000 72GB Blackwell,all2all,65536,64KB,4,bfloat16,0.0504,0.0010,0.9743,1.2991
NVIDIA RTX PRO 5000 72GB Blackwell,all2all,131072,128KB,4,bfloat16,0.0672,0.0015,1.4625,1.9500
NVIDIA RTX PRO 5000 72GB Blackwell,all2all,262144,256KB,4,bfloat16,0.0491,0.0021,4.0052,5.3403
NVIDIA RTX PRO 5000 72GB Blackwell,all2all,524288,512KB,4,bfloat16,0.0601,0.0017,6.5449,8.7265
NVIDIA RTX PRO 5000 72GB Blackwell,all2all,1048576,1.0MB,4,bfloat16,0.0790,0.0033,9.9518,13.2691
NVIDIA RTX PRO 5000 72GB Blackwell,all2all,2097152,2.0MB,4,bfloat16,0.1183,0.0011,13.3005,17.7340
NVIDIA RTX PRO 5000 72GB Blackwell,all2all,4194304,4.0MB,4,bfloat16,0.1959,0.0023,16.0601,21.4135
NVIDIA RTX PRO 5000 72GB Blackwell,all2all,8388608,8.0MB,4,bfloat16,0.3479,0.0040,18.0831,24.1107
NVIDIA RTX PRO 5000 72GB Blackwell,all2all,16777216,16.0MB,4,bfloat16,0.6408,0.0088,19.6367,26.1823
NVIDIA RTX PRO 5000 72GB Blackwell,all2all,33554432,32.0MB,4,bfloat16,1.1122,0.2104,22.6263,30.1683
NVIDIA RTX PRO 5000 72GB Blackwell,all2all,67108864,64.0MB,4,bfloat16,2.1659,0.0140,23.2383,30.9845
NVIDIA RTX PRO 5000 72GB Blackwell,all2all,134217728,128.0MB,4,bfloat16,4.2694,0.0196,23.5777,31.4370
NVIDIA RTX PRO 5000 72GB Blackwell,all2all,268435456,256.0MB,4,bfloat16,8.4585,0.0648,23.8017,31.7355
NVIDIA RTX PRO 5000 72GB Blackwell,all2all,536870912,512.0MB,4,bfloat16,16.8280,0.0326,23.9275,31.9033
NVIDIA RTX PRO 5000 72GB Blackwell,all2allv,4096,4KB,4,bfloat16,0.1361,0.0077,0.0226,0.0301
NVIDIA RTX PRO 5000 72GB Blackwell,all2allv,8192,8KB,4,bfloat16,0.1358,0.0485,0.0453,0.0603
NVIDIA RTX PRO 5000 72GB Blackwell,all2allv,16384,16KB,4,bfloat16,0.1357,0.0031,0.0906,0.1208
NVIDIA RTX PRO 5000 72GB Blackwell,all2allv,32768,32KB,4,bfloat16,0.1404,0.0040,0.1750,0.2334
NVIDIA RTX PRO 5000 72GB Blackwell,all2allv,65536,64KB,4,bfloat16,0.1495,0.0026,0.3288,0.4384
NVIDIA RTX PRO 5000 72GB Blackwell,all2allv,131072,128KB,4,bfloat16,0.1624,0.0029,0.6055,0.8073
NVIDIA RTX PRO 5000 72GB Blackwell,all2allv,262144,256KB,4,bfloat16,0.1907,0.0042,1.0312,1.3750
NVIDIA RTX PRO 5000 72GB Blackwell,all2allv,524288,512KB,4,bfloat16,0.2080,0.0029,1.8903,2.5204
NVIDIA RTX PRO 5000 72GB Blackwell,all2allv,1048576,1.0MB,4,bfloat16,0.3574,0.0049,2.2005,2.9340
NVIDIA RTX PRO 5000 72GB Blackwell,all2allv,2097152,2.0MB,4,bfloat16,0.6187,0.0049,2.5421,3.3895
NVIDIA RTX PRO 5000 72GB Blackwell,all2allv,4194304,4.0MB,4,bfloat16,1.1482,0.0297,2.7397,3.6529
NVIDIA RTX PRO 5000 72GB Blackwell,all2allv,8388608,8.0MB,4,bfloat16,2.1645,0.0103,2.9066,3.8755
NVIDIA RTX PRO 5000 72GB Blackwell,all2allv,16777216,16.0MB,4,bfloat16,3.7260,0.0191,3.3770,4.5027
NVIDIA RTX PRO 5000 72GB Blackwell,all2allv,33554432,32.0MB,4,bfloat16,8.3888,0.0324,2.9999,3.9999
NVIDIA RTX PRO 5000 72GB Blackwell,all2allv,67108864,64.0MB,4,bfloat16,16.4788,0.0542,3.0543,4.0724
NVIDIA RTX PRO 5000 72GB Blackwell,all2allv,134217728,128.0MB,4,bfloat16,32.7777,0.0600,3.0711,4.0948
NVIDIA RTX PRO 5000 72GB Blackwell,all2allv,268435456,256.0MB,4,bfloat16,37.5487,0.1111,5.3617,7.1490
NVIDIA RTX PRO 5000 72GB Blackwell,all2allv,536870912,512.0MB,4,bfloat16,74.7198,0.1246,5.3888,7.1851
